<?xml version="1.0" encoding="utf-8"?>
<odoo>
<!-- Copyright (c) 2018-Present Webkul Software Pvt. Ltd. (<https://webkul.com/>) -->
<!-- See LICENSE file for full copyright and licensing details. -->
    <data noupdate="1">
        <record id='product.product_product_11b'  model='product.product'>
            <field name='wk_extra_price'>10</field>
            <field name='available_in_pos'>True</field>
        </record>
        <record id='product.product_product_4b'  model='product.product'>
            <field name='wk_extra_price'>100</field>
            <field name='available_in_pos'>True</field>
        </record>

        <function
            id="create_demo_data"
            model="product.product"
            name="create_demo_data"/>

    </data>
</odoo>
